N, WxH, Clock, Param0
0, 16x16, 8940, 0
0, 16x16, 6819, 0
0, 16x16, 10320, 0
0, 16x16, 9260, 0
0, 16x16, 14557, 0
0, 16x16, 7130, 0
0, 16x16, 7219, 0
0, 16x16, 7221, 0
0, 16x16, 9434, 0
0, 16x16, 8842, 0
0, 16x16, 11813, 0
0, 16x16, 7221, 0
0, 16x16, 6552, 0
0, 16x16, 6964, 0
0, 16x16, 9360, 0
0, 16x16, 6703, 0
0, 16x16, 7100, 0
0, 16x16, 7197, 0
0, 16x16, 7327, 0
0, 16x16, 6609, 0
0, 16x16, 8896, 0
0, 16x16, 7297, 0
0, 16x16, 8812, 0
0, 16x16, 7251, 0
0, 16x16, 8584, 0
0, 16x16, 8164, 0
0, 16x16, 7085, 0
0, 16x16, 17075, 0
0, 16x16, 11520, 0
0, 16x16, 7125, 0
0, 16x16, 8808, 0
0, 16x16, 16766, 0
0, 16x16, 10527, 0
0, 16x16, 7118, 0
0, 16x16, 11373, 0
0, 16x16, 7358, 0
0, 16x16, 7054, 0
0, 16x16, 16800, 0
0, 16x16, 7155, 0
0, 16x16, 10554, 0
0, 16x16, 7140, 0
0, 16x16, 7145, 0
0, 16x16, 8900, 0
0, 16x16, 17316, 0
0, 16x16, 8396, 0
0, 16x16, 9464, 0
0, 16x16, 7115, 0
0, 16x16, 9212, 0
0, 16x16, 8279, 0
0, 16x16, 6837, 0
0, 16x16, 8876, 0
0, 16x16, 7064, 0
0, 16x16, 8528, 0
0, 16x16, 7585, 0
0, 16x16, 7849, 0
0, 16x16, 8492, 0
0, 16x16, 14257, 0
0, 16x16, 9254, 0
0, 16x16, 7112, 0
0, 16x16, 7782, 0
0, 16x16, 9280, 0
0, 16x16, 10891, 0
0, 16x16, 7527, 0
0, 16x16, 8958, 0
0, 16x16, 6936, 0
0, 16x16, 7403, 0
0, 16x16, 8717, 0
0, 16x16, 7676, 0
0, 16x16, 16242, 0
0, 16x16, 6906, 0
0, 16x16, 14550, 0
0, 16x16, 7127, 0
0, 16x16, 7019, 0
0, 16x16, 7188, 0
0, 16x16, 6969, 0
0, 16x16, 9020, 0
0, 16x16, 7439, 0
0, 16x16, 9146, 0
0, 16x16, 7472, 0
0, 16x16, 8733, 0
0, 16x16, 9254, 0
0, 16x16, 17958, 0
0, 16x16, 13984, 0
0, 16x16, 8584, 0
0, 16x16, 6739, 0
0, 16x16, 7318, 0
0, 16x16, 11625, 0
0, 16x16, 7103, 0
0, 16x16, 12763, 0
0, 16x16, 15993, 0
0, 16x16, 7242, 0
0, 16x16, 7630, 0
0, 16x16, 10128, 0
0, 16x16, 12675, 0
0, 16x16, 7115, 0
0, 16x16, 9029, 0
0, 16x16, 6506, 0
0, 16x16, 8440, 0
0, 16x16, 9588, 0
0, 16x16, 8763, 0
1, 32x32, 14500, 0
1, 32x32, 14206, 0
1, 32x32, 18742, 0
1, 32x32, 14279, 0
1, 32x32, 13973, 0
1, 32x32, 19442, 0
1, 32x32, 36017, 0
1, 32x32, 22400, 0
1, 32x32, 13769, 0
1, 32x32, 14024, 0
1, 32x32, 25209, 0
1, 32x32, 14188, 0
1, 32x32, 17863, 0
1, 32x32, 17875, 0
1, 32x32, 18684, 0
1, 32x32, 17475, 0
1, 32x32, 19468, 0
1, 32x32, 27576, 0
1, 32x32, 13239, 0
1, 32x32, 13573, 0
1, 32x32, 17888, 0
1, 32x32, 19300, 0
1, 32x32, 14288, 0
1, 32x32, 17613, 0
1, 32x32, 17628, 0
1, 32x32, 35000, 0
1, 32x32, 15085, 0
1, 32x32, 27364, 0
1, 32x32, 14779, 0
1, 32x32, 14882, 0
1, 32x32, 20344, 0
1, 32x32, 13582, 0
1, 32x32, 19050, 0
1, 32x32, 14367, 0
1, 32x32, 15082, 0
1, 32x32, 16121, 0
1, 32x32, 18938, 0
1, 32x32, 17809, 0
1, 32x32, 14821, 0
1, 32x32, 13449, 0
1, 32x32, 34925, 0
1, 32x32, 14864, 0
1, 32x32, 17729, 0
1, 32x32, 13645, 0
1, 32x32, 14697, 0
1, 32x32, 22760, 0
1, 32x32, 14912, 0
1, 32x32, 23794, 0
1, 32x32, 13682, 0
1, 32x32, 18324, 0
1, 32x32, 34684, 0
1, 32x32, 22410, 0
1, 32x32, 14142, 0
1, 32x32, 23139, 0
1, 32x32, 39665, 0
1, 32x32, 23273, 0
1, 32x32, 13809, 0
1, 32x32, 23610, 0
1, 32x32, 14694, 0
1, 32x32, 17737, 0
1, 32x32, 15943, 0
1, 32x32, 15406, 0
1, 32x32, 14967, 0
1, 32x32, 14518, 0
1, 32x32, 17450, 0
1, 32x32, 14651, 0
1, 32x32, 18136, 0
1, 32x32, 14409, 0
1, 32x32, 18364, 0
1, 32x32, 17346, 0
1, 32x32, 14785, 0
1, 32x32, 14694, 0
1, 32x32, 14203, 0
1, 32x32, 20868, 0
1, 32x32, 13643, 0
1, 32x32, 17417, 0
1, 32x32, 13349, 0
1, 32x32, 13776, 0
1, 32x32, 20692, 0
1, 32x32, 13773, 0
1, 32x32, 13812, 0
1, 32x32, 18188, 0
1, 32x32, 14646, 0
1, 32x32, 19016, 0
1, 32x32, 14591, 0
1, 32x32, 19232, 0
1, 32x32, 15376, 0
1, 32x32, 20196, 0
1, 32x32, 13521, 0
1, 32x32, 21910, 0
1, 32x32, 17692, 0
1, 32x32, 18340, 0
1, 32x32, 14567, 0
1, 32x32, 19544, 0
1, 32x32, 26587, 0
1, 32x32, 13985, 0
1, 32x32, 35133, 0
1, 32x32, 14988, 0
1, 32x32, 18268, 0
1, 32x32, 13546, 0
2, 48x48, 27506, 0
2, 48x48, 28012, 0
2, 48x48, 27421, 0
2, 48x48, 37488, 0
2, 48x48, 38954, 0
2, 48x48, 35816, 0
2, 48x48, 47095, 0
2, 48x48, 29446, 0
2, 48x48, 36776, 0
2, 48x48, 70684, 0
2, 48x48, 29336, 0
2, 48x48, 38758, 0
2, 48x48, 27815, 0
2, 48x48, 27597, 0
2, 48x48, 37388, 0
2, 48x48, 27773, 0
2, 48x48, 37160, 0
2, 48x48, 27564, 0
2, 48x48, 35742, 0
2, 48x48, 37380, 0
2, 48x48, 29367, 0
2, 48x48, 27746, 0
2, 48x48, 40366, 0
2, 48x48, 37224, 0
2, 48x48, 29612, 0
2, 48x48, 29821, 0
2, 48x48, 46385, 0
2, 48x48, 47225, 0
2, 48x48, 30685, 0
2, 48x48, 35333, 0
2, 48x48, 29367, 0
2, 48x48, 80375, 0
2, 48x48, 29527, 0
2, 48x48, 66438, 0
2, 48x48, 29509, 0
2, 48x48, 35741, 0
2, 48x48, 35284, 0
2, 48x48, 29716, 0
2, 48x48, 35792, 0
2, 48x48, 29672, 0
2, 48x48, 29606, 0
2, 48x48, 35491, 0
2, 48x48, 35709, 0
2, 48x48, 29767, 0
2, 48x48, 29500, 0
2, 48x48, 29300, 0
2, 48x48, 27494, 0
2, 48x48, 27491, 0
2, 48x48, 70725, 0
2, 48x48, 27718, 0
2, 48x48, 235588, 0
2, 48x48, 35554, 0
2, 48x48, 35463, 0
2, 48x48, 27721, 0
2, 48x48, 29373, 0
2, 48x48, 38796, 0
2, 48x48, 38896, 0
2, 48x48, 70992, 0
2, 48x48, 49700, 0
2, 48x48, 29563, 0
2, 48x48, 38626, 0
2, 48x48, 35858, 0
2, 48x48, 29779, 0
2, 48x48, 48890, 0
2, 48x48, 29670, 0
2, 48x48, 37008, 0
2, 48x48, 37063, 0
2, 48x48, 70958, 0
2, 48x48, 29567, 0
2, 48x48, 29212, 0
2, 48x48, 38746, 0
2, 48x48, 29564, 0
2, 48x48, 38166, 0
2, 48x48, 50401, 0
2, 48x48, 27606, 0
2, 48x48, 35679, 0
2, 48x48, 27534, 0
2, 48x48, 38826, 0
2, 48x48, 35642, 0
2, 48x48, 37132, 0
2, 48x48, 46524, 0
2, 48x48, 29891, 0
2, 48x48, 39004, 0
2, 48x48, 50340, 0
2, 48x48, 27633, 0
2, 48x48, 41109, 0
2, 48x48, 42625, 0
2, 48x48, 35575, 0
2, 48x48, 29591, 0
2, 48x48, 27546, 0
2, 48x48, 29548, 0
2, 48x48, 40836, 0
2, 48x48, 35620, 0
2, 48x48, 29658, 0
2, 48x48, 27606, 0
2, 48x48, 38312, 0
2, 48x48, 47915, 0
2, 48x48, 27533, 0
2, 48x48, 27642, 0
2, 48x48, 38538, 0
3, 64x64, 62756, 0
3, 64x64, 59633, 0
3, 64x64, 45809, 0
3, 64x64, 61608, 0
3, 64x64, 74765, 0
3, 64x64, 74455, 0
3, 64x64, 61820, 0
3, 64x64, 59029, 0
3, 64x64, 80146, 0
3, 64x64, 50006, 0
3, 64x64, 62932, 0
3, 64x64, 58958, 0
3, 64x64, 79385, 0
3, 64x64, 49279, 0
3, 64x64, 59000, 0
3, 64x64, 116867, 0
3, 64x64, 50100, 0
3, 64x64, 83445, 0
3, 64x64, 49236, 0
3, 64x64, 66112, 0
3, 64x64, 49251, 0
3, 64x64, 45927, 0
3, 64x64, 46060, 0
3, 64x64, 59112, 0
3, 64x64, 49394, 0
3, 64x64, 48961, 0
3, 64x64, 78680, 0
3, 64x64, 83785, 0
3, 64x64, 59241, 0
3, 64x64, 118190, 0
3, 64x64, 61760, 0
3, 64x64, 59150, 0
3, 64x64, 45672, 0
3, 64x64, 50594, 0
3, 64x64, 79294, 0
3, 64x64, 100843, 0
3, 64x64, 67879, 0
3, 64x64, 49048, 0
3, 64x64, 45860, 0
3, 64x64, 46103, 0
3, 64x64, 64530, 0
3, 64x64, 64016, 0
3, 64x64, 58975, 0
3, 64x64, 49124, 0
3, 64x64, 46203, 0
3, 64x64, 50273, 0
3, 64x64, 64028, 0
3, 64x64, 48755, 0
3, 64x64, 61552, 0
3, 64x64, 66128, 0
3, 64x64, 64474, 0
3, 64x64, 112764, 0
3, 64x64, 49682, 0
3, 64x64, 74730, 0
3, 64x64, 45755, 0
3, 64x64, 78720, 0
3, 64x64, 67588, 0
3, 64x64, 61692, 0
3, 64x64, 59070, 0
3, 64x64, 48979, 0
3, 64x64, 46227, 0
3, 64x64, 64412, 0
3, 64x64, 58787, 0
3, 64x64, 50443, 0
3, 64x64, 47197, 0
3, 64x64, 54861, 0
3, 64x64, 59071, 0
3, 64x64, 59042, 0
3, 64x64, 58745, 0
3, 64x64, 46079, 0
3, 64x64, 45579, 0
3, 64x64, 71045, 0
3, 64x64, 61576, 0
3, 64x64, 49291, 0
3, 64x64, 97216, 0
3, 64x64, 67068, 0
3, 64x64, 58917, 0
3, 64x64, 80376, 0
3, 64x64, 49054, 0
3, 64x64, 58984, 0
3, 64x64, 63452, 0
3, 64x64, 49288, 0
3, 64x64, 48979, 0
3, 64x64, 64554, 0
3, 64x64, 64408, 0
3, 64x64, 64504, 0
3, 64x64, 49227, 0
3, 64x64, 73403, 0
3, 64x64, 48712, 0
3, 64x64, 66833, 0
3, 64x64, 88194, 0
3, 64x64, 46045, 0
3, 64x64, 64296, 0
3, 64x64, 48946, 0
3, 64x64, 45009, 0
3, 64x64, 59271, 0
3, 64x64, 45748, 0
3, 64x64, 112280, 0
3, 64x64, 58846, 0
3, 64x64, 61784, 0
4, 80x80, 87425, 0
4, 80x80, 72679, 0
4, 80x80, 72130, 0
4, 80x80, 173616, 0
4, 80x80, 73336, 0
4, 80x80, 67515, 0
4, 80x80, 221212, 0
4, 80x80, 99796, 0
4, 80x80, 167834, 0
4, 80x80, 109900, 0
4, 80x80, 72182, 0
4, 80x80, 67816, 0
4, 80x80, 139642, 0
4, 80x80, 110725, 0
4, 80x80, 72837, 0
4, 80x80, 99896, 0
4, 80x80, 91964, 0
4, 80x80, 174534, 0
4, 80x80, 72863, 0
4, 80x80, 74694, 0
4, 80x80, 131654, 0
4, 80x80, 67618, 0
4, 80x80, 91432, 0
4, 80x80, 91048, 0
4, 80x80, 87029, 0
4, 80x80, 67491, 0
4, 80x80, 87291, 0
4, 80x80, 72742, 0
4, 80x80, 72030, 0
4, 80x80, 72209, 0
4, 80x80, 86754, 0
4, 80x80, 67372, 0
4, 80x80, 95008, 0
4, 80x80, 72237, 0
4, 80x80, 72448, 0
4, 80x80, 72276, 0
4, 80x80, 72330, 0
4, 80x80, 72166, 0
4, 80x80, 72315, 0
4, 80x80, 72100, 0
4, 80x80, 72270, 0
4, 80x80, 71918, 0
4, 80x80, 110540, 0
4, 80x80, 90884, 0
4, 80x80, 148657, 0
4, 80x80, 67809, 0
4, 80x80, 67937, 0
4, 80x80, 72339, 0
4, 80x80, 72260, 0
4, 80x80, 67637, 0
4, 80x80, 87375, 0
4, 80x80, 72664, 0
4, 80x80, 87092, 0
4, 80x80, 125385, 0
4, 80x80, 67815, 0
4, 80x80, 95408, 0
4, 80x80, 67639, 0
4, 80x80, 99780, 0
4, 80x80, 99792, 0
4, 80x80, 67655, 0
4, 80x80, 67763, 0
4, 80x80, 72997, 0
4, 80x80, 117070, 0
4, 80x80, 104545, 0
4, 80x80, 72200, 0
4, 80x80, 99816, 0
4, 80x80, 71961, 0
4, 80x80, 87054, 0
4, 80x80, 72158, 0
4, 80x80, 71691, 0
4, 80x80, 67460, 0
4, 80x80, 116130, 0
4, 80x80, 115012, 0
4, 80x80, 118620, 0
4, 80x80, 67588, 0
4, 80x80, 125792, 0
4, 80x80, 123015, 0
4, 80x80, 159747, 0
4, 80x80, 67321, 0
4, 80x80, 87367, 0
4, 80x80, 112103, 0
4, 80x80, 91248, 0
4, 80x80, 67606, 0
4, 80x80, 95230, 0
4, 80x80, 72228, 0
4, 80x80, 67688, 0
4, 80x80, 72097, 0
4, 80x80, 176050, 0
4, 80x80, 86327, 0
4, 80x80, 90556, 0
4, 80x80, 94778, 0
4, 80x80, 95192, 0
4, 80x80, 87217, 0
4, 80x80, 100800, 0
4, 80x80, 91196, 0
4, 80x80, 87412, 0
4, 80x80, 72445, 0
4, 80x80, 72048, 0
4, 80x80, 87454, 0
4, 80x80, 95388, 0
5, 96x96, 115222, 0
5, 96x96, 117749, 0
5, 96x96, 158048, 0
5, 96x96, 106494, 0
5, 96x96, 113739, 0
5, 96x96, 207330, 0
5, 96x96, 106830, 0
5, 96x96, 155142, 0
5, 96x96, 106467, 0
5, 96x96, 137129, 0
5, 96x96, 113915, 0
5, 96x96, 114973, 0
5, 96x96, 137775, 0
5, 96x96, 113527, 0
5, 96x96, 161079, 0
5, 96x96, 137488, 0
5, 96x96, 106822, 0
5, 96x96, 138495, 0
5, 96x96, 107418, 0
5, 96x96, 106754, 0
5, 96x96, 114127, 0
5, 96x96, 106437, 0
5, 96x96, 106821, 0
5, 96x96, 114130, 0
5, 96x96, 156932, 0
5, 96x96, 113924, 0
5, 96x96, 205781, 0
5, 96x96, 106572, 0
5, 96x96, 203008, 0
5, 96x96, 143564, 0
5, 96x96, 146868, 0
5, 96x96, 113761, 0
5, 96x96, 113697, 0
5, 96x96, 164500, 0
5, 96x96, 138342, 0
5, 96x96, 139875, 0
5, 96x96, 106382, 0
5, 96x96, 165340, 0
5, 96x96, 143628, 0
5, 96x96, 106949, 0
5, 96x96, 106664, 0
5, 96x96, 114197, 0
5, 96x96, 149896, 0
5, 96x96, 149492, 0
5, 96x96, 149620, 0
5, 96x96, 137788, 0
5, 96x96, 106321, 0
5, 96x96, 171027, 0
5, 96x96, 137537, 0
5, 96x96, 137750, 0
5, 96x96, 174925, 0
5, 96x96, 153127, 0
5, 96x96, 149304, 0
5, 96x96, 106757, 0
5, 96x96, 156156, 0
5, 96x96, 136883, 0
5, 96x96, 137458, 0
5, 96x96, 107036, 0
5, 96x96, 143672, 0
5, 96x96, 149866, 0
5, 96x96, 113830, 0
5, 96x96, 114103, 0
5, 96x96, 366858, 0
5, 96x96, 151700, 0
5, 96x96, 106579, 0
5, 96x96, 114527, 0
5, 96x96, 116382, 0
5, 96x96, 106694, 0
5, 96x96, 107754, 0
5, 96x96, 114521, 0
5, 96x96, 136103, 0
5, 96x96, 113773, 0
5, 96x96, 106603, 0
5, 96x96, 114161, 0
5, 96x96, 113691, 0
5, 96x96, 160176, 0
5, 96x96, 137230, 0
5, 96x96, 137487, 0
5, 96x96, 106458, 0
5, 96x96, 107134, 0
5, 96x96, 114033, 0
5, 96x96, 106554, 0
5, 96x96, 149566, 0
5, 96x96, 113885, 0
5, 96x96, 113860, 0
5, 96x96, 143908, 0
5, 96x96, 113915, 0
5, 96x96, 142944, 0
5, 96x96, 114024, 0
5, 96x96, 137129, 0
5, 96x96, 150970, 0
5, 96x96, 138338, 0
5, 96x96, 157164, 0
5, 96x96, 114006, 0
5, 96x96, 107657, 0
5, 96x96, 166995, 0
5, 96x96, 316063, 0
5, 96x96, 137525, 0
5, 96x96, 106958, 0
5, 96x96, 150042, 0
6, 112x112, 137536, 0
6, 112x112, 128397, 0
6, 112x112, 262910, 0
6, 112x112, 207528, 0
6, 112x112, 165945, 0
6, 112x112, 243971, 0
6, 112x112, 137064, 0
6, 112x112, 189912, 0
6, 112x112, 128391, 0
6, 112x112, 315366, 0
6, 112x112, 137751, 0
6, 112x112, 138775, 0
6, 112x112, 137237, 0
6, 112x112, 373650, 0
6, 112x112, 165834, 0
6, 112x112, 137197, 0
6, 112x112, 128139, 0
6, 112x112, 175688, 0
6, 112x112, 137488, 0
6, 112x112, 190548, 0
6, 112x112, 165712, 0
6, 112x112, 128697, 0
6, 112x112, 137100, 0
6, 112x112, 248706, 0
6, 112x112, 128933, 0
6, 112x112, 262612, 0
6, 112x112, 166079, 0
6, 112x112, 137276, 0
6, 112x112, 128657, 0
6, 112x112, 268470, 0
6, 112x112, 199480, 0
6, 112x112, 259000, 0
6, 112x112, 128682, 0
6, 112x112, 370445, 0
6, 112x112, 137579, 0
6, 112x112, 173404, 0
6, 112x112, 139836, 0
6, 112x112, 173420, 0
6, 112x112, 174964, 0
6, 112x112, 166217, 0
6, 112x112, 128391, 0
6, 112x112, 166930, 0
6, 112x112, 129255, 0
6, 112x112, 181454, 0
6, 112x112, 173192, 0
6, 112x112, 137682, 0
6, 112x112, 165871, 0
6, 112x112, 137627, 0
6, 112x112, 137748, 0
6, 112x112, 184654, 0
6, 112x112, 272886, 0
6, 112x112, 165954, 0
6, 112x112, 221325, 0
6, 112x112, 233660, 0
6, 112x112, 128400, 0
6, 112x112, 233839, 0
6, 112x112, 306193, 0
6, 112x112, 128745, 0
6, 112x112, 137694, 0
6, 112x112, 128260, 0
6, 112x112, 138976, 0
6, 112x112, 128482, 0
6, 112x112, 220940, 0
6, 112x112, 172764, 0
6, 112x112, 196224, 0
6, 112x112, 128488, 0
6, 112x112, 137285, 0
6, 112x112, 137579, 0
6, 112x112, 284620, 0
6, 112x112, 137397, 0
6, 112x112, 166513, 0
6, 112x112, 234015, 0
6, 112x112, 172644, 0
6, 112x112, 128175, 0
6, 112x112, 138082, 0
6, 112x112, 267813, 0
6, 112x112, 166008, 0
6, 112x112, 138039, 0
6, 112x112, 137615, 0
6, 112x112, 147136, 0
6, 112x112, 128488, 0
6, 112x112, 161009, 0
6, 112x112, 130379, 0
6, 112x112, 129397, 0
6, 112x112, 172852, 0
6, 112x112, 165633, 0
6, 112x112, 233825, 0
6, 112x112, 128797, 0
6, 112x112, 128412, 0
6, 112x112, 180150, 0
6, 112x112, 128648, 0
6, 112x112, 137000, 0
6, 112x112, 137706, 0
6, 112x112, 189576, 0
6, 112x112, 137091, 0
6, 112x112, 127906, 0
6, 112x112, 189728, 0
6, 112x112, 138391, 0
6, 112x112, 305479, 0
6, 112x112, 129727, 0
7, 128x128, 178460, 0
7, 128x128, 336492, 0
7, 128x128, 202246, 0
7, 128x128, 177870, 0
7, 128x128, 178997, 0
7, 128x128, 217467, 0
7, 128x128, 248490, 0
7, 128x128, 249168, 0
7, 128x128, 167124, 0
7, 128x128, 245932, 0
7, 128x128, 297310, 0
7, 128x128, 178124, 0
7, 128x128, 305080, 0
7, 128x128, 179640, 0
7, 128x128, 217137, 0
7, 128x128, 197791, 0
7, 128x128, 368257, 0
7, 128x128, 228268, 0
7, 128x128, 304055, 0
7, 128x128, 177540, 0
7, 128x128, 225568, 0
7, 128x128, 166712, 0
7, 128x128, 180040, 0
7, 128x128, 179600, 0
7, 128x128, 168079, 0
7, 128x128, 344142, 0
7, 128x128, 177888, 0
7, 128x128, 178482, 0
7, 128x128, 395993, 0
7, 128x128, 236092, 0
7, 128x128, 177946, 0
7, 128x128, 595954, 0
7, 128x128, 472467, 0
7, 128x128, 224172, 0
7, 128x128, 225196, 0
7, 128x128, 257950, 0
7, 128x128, 166658, 0
7, 128x128, 166575, 0
7, 128x128, 215687, 0
7, 128x128, 367700, 0
7, 128x128, 347794, 0
7, 128x128, 178352, 0
7, 128x128, 246032, 0
7, 128x128, 259192, 0
7, 128x128, 215075, 0
7, 128x128, 398651, 0
7, 128x128, 178315, 0
7, 128x128, 324950, 0
7, 128x128, 167061, 0
7, 128x128, 166336, 0
7, 128x128, 216996, 0
7, 128x128, 272305, 0
7, 128x128, 178161, 0
7, 128x128, 322857, 0
7, 128x128, 182475, 0
7, 128x128, 223832, 0
7, 128x128, 287118, 0
7, 128x128, 177951, 0
7, 128x128, 168464, 0
7, 128x128, 216237, 0
7, 128x128, 215146, 0
7, 128x128, 234684, 0
7, 128x128, 167288, 0
7, 128x128, 178215, 0
7, 128x128, 199655, 0
7, 128x128, 178242, 0
7, 128x128, 287335, 0
7, 128x128, 166927, 0
7, 128x128, 271735, 0
7, 128x128, 205974, 0
7, 128x128, 166658, 0
7, 128x128, 166830, 0
7, 128x128, 178645, 0
7, 128x128, 223616, 0
7, 128x128, 226332, 0
7, 128x128, 200119, 0
7, 128x128, 166440, 0
7, 128x128, 178351, 0
7, 128x128, 224272, 0
7, 128x128, 227728, 0
7, 128x128, 433742, 0
7, 128x128, 257750, 0
7, 128x128, 178470, 0
7, 128x128, 335209, 0
7, 128x128, 214854, 0
7, 128x128, 166442, 0
7, 128x128, 166443, 0
7, 128x128, 215688, 0
7, 128x128, 224600, 0
7, 128x128, 167212, 0
7, 128x128, 166755, 0
7, 128x128, 234366, 0
7, 128x128, 178403, 0
7, 128x128, 440600, 0
7, 128x128, 437275, 0
7, 128x128, 215967, 0
7, 128x128, 217117, 0
7, 128x128, 216041, 0
7, 128x128, 167842, 0
7, 128x128, 214887, 0
8, 144x144, 299188, 0
8, 144x144, 303721, 0
8, 144x144, 212403, 0
8, 144x144, 274088, 0
8, 144x144, 212570, 0
8, 144x144, 479417, 0
8, 144x144, 227491, 0
8, 144x144, 226985, 0
8, 144x144, 212170, 0
8, 144x144, 273783, 0
8, 144x144, 274067, 0
8, 144x144, 546817, 0
8, 144x144, 216363, 0
8, 144x144, 344719, 0
8, 144x144, 386310, 0
8, 144x144, 275784, 0
8, 144x144, 226997, 0
8, 144x144, 410788, 0
8, 144x144, 274383, 0
8, 144x144, 239038, 0
8, 144x144, 212279, 0
8, 144x144, 418740, 0
8, 144x144, 212836, 0
8, 144x144, 227015, 0
8, 144x144, 214594, 0
8, 144x144, 274546, 0
8, 144x144, 546867, 0
8, 144x144, 213900, 0
8, 144x144, 551341, 0
8, 144x144, 227000, 0
8, 144x144, 411275, 0
8, 144x144, 246680, 0
8, 144x144, 286392, 0
8, 144x144, 211976, 0
8, 144x144, 604000, 0
8, 144x144, 212106, 0
8, 144x144, 212176, 0
8, 144x144, 227460, 0
8, 144x144, 212448, 0
8, 144x144, 288328, 0
8, 144x144, 226991, 0
8, 144x144, 412682, 0
8, 144x144, 226924, 0
8, 144x144, 298838, 0
8, 144x144, 212897, 0
8, 144x144, 214018, 0
8, 144x144, 227119, 0
8, 144x144, 396136, 0
8, 144x144, 275721, 0
8, 144x144, 274271, 0
8, 144x144, 213094, 0
8, 144x144, 275605, 0
8, 144x144, 313644, 0
8, 144x144, 212509, 0
8, 144x144, 249494, 0
8, 144x144, 277537, 0
8, 144x144, 365750, 0
8, 144x144, 214863, 0
8, 144x144, 285908, 0
8, 144x144, 226630, 0
8, 144x144, 244864, 0
8, 144x144, 367230, 0
8, 144x144, 328890, 0
8, 144x144, 212255, 0
8, 144x144, 227060, 0
8, 144x144, 286380, 0
8, 144x144, 212415, 0
8, 144x144, 410869, 0
8, 144x144, 274305, 0
8, 144x144, 212428, 0
8, 144x144, 212300, 0
8, 144x144, 412900, 0
8, 144x144, 299000, 0
8, 144x144, 365405, 0
8, 144x144, 312668, 0
8, 144x144, 485200, 0
8, 144x144, 274096, 0
8, 144x144, 212373, 0
8, 144x144, 285688, 0
8, 144x144, 273350, 0
8, 144x144, 288044, 0
8, 144x144, 449640, 0
8, 144x144, 227033, 0
8, 144x144, 227885, 0
8, 144x144, 212776, 0
8, 144x144, 213612, 0
8, 144x144, 408667, 0
8, 144x144, 300324, 0
8, 144x144, 213630, 0
8, 144x144, 255704, 0
8, 144x144, 274450, 0
8, 144x144, 552758, 0
8, 144x144, 308679, 0
8, 144x144, 212576, 0
8, 144x144, 227442, 0
8, 144x144, 211867, 0
8, 144x144, 273842, 0
8, 144x144, 214670, 0
8, 144x144, 212409, 0
8, 144x144, 227815, 0
9, 160x160, 361791, 0
9, 160x160, 298333, 0
9, 160x160, 278994, 0
9, 160x160, 393600, 0
9, 160x160, 375612, 0
9, 160x160, 297864, 0
9, 160x160, 359996, 0
9, 160x160, 360958, 0
9, 160x160, 298542, 0
9, 160x160, 279906, 0
9, 160x160, 719758, 0
9, 160x160, 360008, 0
9, 160x160, 281315, 0
9, 160x160, 376144, 0
9, 160x160, 324516, 0
9, 160x160, 280327, 0
9, 160x160, 298712, 0
9, 160x160, 278894, 0
9, 160x160, 299643, 0
9, 160x160, 361771, 0
9, 160x160, 375096, 0
9, 160x160, 527114, 0
9, 160x160, 378384, 0
9, 160x160, 298727, 0
9, 160x160, 626212, 0
9, 160x160, 298021, 0
9, 160x160, 364879, 0
9, 160x160, 300388, 0
9, 160x160, 479290, 0
9, 160x160, 562812, 0
9, 160x160, 433495, 0
9, 160x160, 408025, 0
9, 160x160, 362184, 0
9, 160x160, 308412, 0
9, 160x160, 279372, 0
9, 160x160, 279267, 0
9, 160x160, 299076, 0
9, 160x160, 446434, 0
9, 160x160, 278891, 0
9, 160x160, 410460, 0
9, 160x160, 279500, 0
9, 160x160, 279064, 0
9, 160x160, 301166, 0
9, 160x160, 1067900, 0
9, 160x160, 278530, 0
9, 160x160, 320906, 0
9, 160x160, 280249, 0
9, 160x160, 298567, 0
9, 160x160, 359504, 0
9, 160x160, 539694, 0
9, 160x160, 463355, 0
9, 160x160, 376748, 0
9, 160x160, 299624, 0
9, 160x160, 360196, 0
9, 160x160, 297743, 0
9, 160x160, 297897, 0
9, 160x160, 375748, 0
9, 160x160, 278942, 0
9, 160x160, 361712, 0
9, 160x160, 298776, 0
9, 160x160, 279170, 0
9, 160x160, 280357, 0
9, 160x160, 278800, 0
9, 160x160, 317830, 0
9, 160x160, 431310, 0
9, 160x160, 510650, 0
9, 160x160, 432005, 0
9, 160x160, 325894, 0
9, 160x160, 300109, 0
9, 160x160, 299461, 0
9, 160x160, 281530, 0
9, 160x160, 297982, 0
9, 160x160, 360392, 0
9, 160x160, 278581, 0
9, 160x160, 298521, 0
9, 160x160, 298078, 0
9, 160x160, 393634, 0
9, 160x160, 279257, 0
9, 160x160, 318154, 0
9, 160x160, 410828, 0
9, 160x160, 298060, 0
9, 160x160, 376332, 0
9, 160x160, 279049, 0
9, 160x160, 375900, 0
9, 160x160, 300779, 0
9, 160x160, 278982, 0
9, 160x160, 360592, 0
9, 160x160, 279639, 0
9, 160x160, 411128, 0
9, 160x160, 278975, 0
9, 160x160, 664207, 0
9, 160x160, 301376, 0
9, 160x160, 282018, 0
9, 160x160, 279027, 0
9, 160x160, 301415, 0
9, 160x160, 360308, 0
9, 160x160, 447408, 0
9, 160x160, 361300, 0
9, 160x160, 299285, 0
9, 160x160, 378760, 0
10, 176x176, 314185, 0
10, 176x176, 424180, 0
10, 176x176, 424544, 0
10, 176x176, 512290, 0
10, 176x176, 315943, 0
10, 176x176, 353068, 0
10, 176x176, 314448, 0
10, 176x176, 337521, 0
10, 176x176, 337906, 0
10, 176x176, 405996, 0
10, 176x176, 406313, 0
10, 176x176, 336024, 0
10, 176x176, 598928, 0
10, 176x176, 490965, 0
10, 176x176, 336182, 0
10, 176x176, 353976, 0
10, 176x176, 336739, 0
10, 176x176, 316094, 0
10, 176x176, 381935, 0
10, 176x176, 314564, 0
10, 176x176, 425784, 0
10, 176x176, 410221, 0
10, 176x176, 406571, 0
10, 176x176, 487060, 0
10, 176x176, 315066, 0
10, 176x176, 338985, 0
10, 176x176, 442968, 0
10, 176x176, 336309, 0
10, 176x176, 346440, 0
10, 176x176, 578530, 0
10, 176x176, 335930, 0
10, 176x176, 425176, 0
10, 176x176, 405600, 0
10, 176x176, 423460, 0
10, 176x176, 405688, 0
10, 176x176, 335964, 0
10, 176x176, 348737, 0
10, 176x176, 314364, 0
10, 176x176, 314667, 0
10, 176x176, 335940, 0
10, 176x176, 313922, 0
10, 176x176, 314355, 0
10, 176x176, 463600, 0
10, 176x176, 345920, 0
10, 176x176, 468396, 0
10, 176x176, 637975, 0
10, 176x176, 801979, 0
10, 176x176, 406013, 0
10, 176x176, 698379, 0
10, 176x176, 314594, 0
10, 176x176, 609238, 0
10, 176x176, 314582, 0
10, 176x176, 314831, 0
10, 176x176, 314267, 0
10, 176x176, 314757, 0
10, 176x176, 465792, 0
10, 176x176, 314288, 0
10, 176x176, 470754, 0
10, 176x176, 402870, 0
10, 176x176, 315370, 0
10, 176x176, 427834, 0
10, 176x176, 523380, 0
10, 176x176, 573730, 0
10, 176x176, 314597, 0
10, 176x176, 335958, 0
10, 176x176, 528712, 0
10, 176x176, 473155, 0
10, 176x176, 561242, 0
10, 176x176, 336512, 0
10, 176x176, 486095, 0
10, 176x176, 817200, 0
10, 176x176, 371282, 0
10, 176x176, 315149, 0
10, 176x176, 315712, 0
10, 176x176, 314106, 0
10, 176x176, 339015, 0
10, 176x176, 318288, 0
10, 176x176, 314403, 0
10, 176x176, 405641, 0
10, 176x176, 314863, 0
10, 176x176, 337888, 0
10, 176x176, 649442, 0
10, 176x176, 423280, 0
10, 176x176, 504746, 0
10, 176x176, 314425, 0
10, 176x176, 314351, 0
10, 176x176, 445256, 0
10, 176x176, 742668, 0
10, 176x176, 710204, 0
10, 176x176, 336434, 0
10, 176x176, 314100, 0
10, 176x176, 426482, 0
10, 176x176, 338355, 0
10, 176x176, 573295, 0
10, 176x176, 424400, 0
10, 176x176, 423488, 0
10, 176x176, 318518, 0
10, 176x176, 574420, 0
10, 176x176, 336227, 0
10, 176x176, 489350, 0
11, 192x192, 425373, 0
11, 192x192, 382218, 0
11, 192x192, 377279, 0
11, 192x192, 377379, 0
11, 192x192, 377303, 0
11, 192x192, 403388, 0
11, 192x192, 410884, 0
11, 192x192, 377167, 0
11, 192x192, 413351, 0
11, 192x192, 574598, 0
11, 192x192, 443898, 0
11, 192x192, 519396, 0
11, 192x192, 377415, 0
11, 192x192, 423431, 0
11, 192x192, 404133, 0
11, 192x192, 406170, 0
11, 192x192, 530608, 0
11, 192x192, 552346, 0
11, 192x192, 585045, 0
11, 192x192, 486729, 0
11, 192x192, 514448, 0
11, 192x192, 746660, 0
11, 192x192, 380594, 0
11, 192x192, 414999, 0
11, 192x192, 376867, 0
11, 192x192, 620080, 0
11, 192x192, 601315, 0
11, 192x192, 486720, 0
11, 192x192, 403779, 0
11, 192x192, 377027, 0
11, 192x192, 380994, 0
11, 192x192, 649370, 0
11, 192x192, 669027, 0
11, 192x192, 1109817, 0
11, 192x192, 377730, 0
11, 192x192, 380845, 0
11, 192x192, 377342, 0
11, 192x192, 486971, 0
11, 192x192, 380736, 0
11, 192x192, 377930, 0
11, 192x192, 403412, 0
11, 192x192, 493746, 0
11, 192x192, 403321, 0
11, 192x192, 553788, 0
11, 192x192, 409870, 0
11, 192x192, 377327, 0
11, 192x192, 381488, 0
11, 192x192, 377170, 0
11, 192x192, 492929, 0
11, 192x192, 455827, 0
11, 192x192, 656500, 0
11, 192x192, 514232, 0
11, 192x192, 381488, 0
11, 192x192, 662080, 0
11, 192x192, 408852, 0
11, 192x192, 403573, 0
11, 192x192, 514568, 0
11, 192x192, 377339, 0
11, 192x192, 378551, 0
11, 192x192, 381697, 0
11, 192x192, 423536, 0
11, 192x192, 508448, 0
11, 192x192, 486812, 0
11, 192x192, 486979, 0
11, 192x192, 781825, 0
11, 192x192, 377587, 0
11, 192x192, 381100, 0
11, 192x192, 778506, 0
11, 192x192, 405744, 0
11, 192x192, 686980, 0
11, 192x192, 376609, 0
11, 192x192, 377124, 0
11, 192x192, 377188, 0
11, 192x192, 380118, 0
11, 192x192, 556404, 0
11, 192x192, 381276, 0
11, 192x192, 377106, 0
11, 192x192, 657390, 0
11, 192x192, 590270, 0
11, 192x192, 430630, 0
11, 192x192, 377485, 0
11, 192x192, 377167, 0
11, 192x192, 377119, 0
11, 192x192, 486562, 0
11, 192x192, 377618, 0
11, 192x192, 655515, 0
11, 192x192, 381394, 0
11, 192x192, 531728, 0
11, 192x192, 733365, 0
11, 192x192, 492463, 0
11, 192x192, 380482, 0
11, 192x192, 513304, 0
11, 192x192, 508056, 0
11, 192x192, 410618, 0
11, 192x192, 615920, 0
11, 192x192, 508568, 0
11, 192x192, 488329, 0
11, 192x192, 406488, 0
11, 192x192, 998338, 0
11, 192x192, 403073, 0
12, 208x208, 710788, 0
12, 208x208, 910250, 0
12, 208x208, 502828, 0
12, 208x208, 469461, 0
12, 208x208, 469866, 0
12, 208x208, 502112, 0
12, 208x208, 727045, 0
12, 208x208, 468740, 0
12, 208x208, 806006, 0
12, 208x208, 694360, 0
12, 208x208, 472051, 0
12, 208x208, 503176, 0
12, 208x208, 606575, 0
12, 208x208, 606775, 0
12, 208x208, 661512, 0
12, 208x208, 509115, 0
12, 208x208, 634500, 0
12, 208x208, 608396, 0
12, 208x208, 857975, 0
12, 208x208, 648192, 0
12, 208x208, 469779, 0
12, 208x208, 978066, 0
12, 208x208, 470385, 0
12, 208x208, 503037, 0
12, 208x208, 506133, 0
12, 208x208, 479006, 0
12, 208x208, 503467, 0
12, 208x208, 612108, 0
12, 208x208, 767185, 0
12, 208x208, 655237, 0
12, 208x208, 508628, 0
12, 208x208, 530500, 0
12, 208x208, 629076, 0
12, 208x208, 601842, 0
12, 208x208, 501982, 0
12, 208x208, 608763, 0
12, 208x208, 505758, 0
12, 208x208, 653764, 0
12, 208x208, 503534, 0
12, 208x208, 809175, 0
12, 208x208, 724186, 0
12, 208x208, 857170, 0
12, 208x208, 607645, 0
12, 208x208, 504158, 0
12, 208x208, 469891, 0
12, 208x208, 629569, 0
12, 208x208, 608046, 0
12, 208x208, 469673, 0
12, 208x208, 630187, 0
12, 208x208, 694044, 0
12, 208x208, 469854, 0
12, 208x208, 473200, 0
12, 208x208, 469821, 0
12, 208x208, 634500, 0
12, 208x208, 504943, 0
12, 208x208, 471267, 0
12, 208x208, 607658, 0
12, 208x208, 1212700, 0
12, 208x208, 478524, 0
12, 208x208, 501872, 0
12, 208x208, 469779, 0
12, 208x208, 607762, 0
12, 208x208, 515712, 0
12, 208x208, 972288, 0
12, 208x208, 676888, 0
12, 208x208, 606546, 0
12, 208x208, 693948, 0
12, 208x208, 518518, 0
12, 208x208, 469894, 0
12, 208x208, 606933, 0
12, 208x208, 852035, 0
12, 208x208, 1248940, 0
12, 208x208, 469648, 0
12, 208x208, 465518, 0
12, 208x208, 470488, 0
12, 208x208, 602367, 0
12, 208x208, 765810, 0
12, 208x208, 607063, 0
12, 208x208, 519840, 0
12, 208x208, 606396, 0
12, 208x208, 502034, 0
12, 208x208, 878445, 0
12, 208x208, 554741, 0
12, 208x208, 808325, 0
12, 208x208, 860760, 0
12, 208x208, 504324, 0
12, 208x208, 472209, 0
12, 208x208, 503403, 0
12, 208x208, 470542, 0
12, 208x208, 511077, 0
12, 208x208, 534595, 0
12, 208x208, 502994, 0
12, 208x208, 901625, 0
12, 208x208, 505849, 0
12, 208x208, 634768, 0
12, 208x208, 797240, 0
12, 208x208, 502036, 0
12, 208x208, 862413, 0
12, 208x208, 507045, 0
12, 208x208, 680864, 0
13, 224x224, 1325808, 0
13, 224x224, 546846, 0
13, 224x224, 548082, 0
13, 224x224, 726612, 0
13, 224x224, 577425, 0
13, 224x224, 684353, 0
13, 224x224, 507661, 0
13, 224x224, 579494, 0
13, 224x224, 508027, 0
13, 224x224, 1381517, 0
13, 224x224, 509057, 0
13, 224x224, 577141, 0
13, 224x224, 982894, 0
13, 224x224, 800533, 0
13, 224x224, 507730, 0
13, 224x224, 507306, 0
13, 224x224, 542476, 0
13, 224x224, 658112, 0
13, 224x224, 509185, 0
13, 224x224, 606992, 0
13, 224x224, 508058, 0
13, 224x224, 595660, 0
13, 224x224, 542072, 0
13, 224x224, 685384, 0
13, 224x224, 509273, 0
13, 224x224, 508206, 0
13, 224x224, 506848, 0
13, 224x224, 544076, 0
13, 224x224, 508309, 0
13, 224x224, 542440, 0
13, 224x224, 510400, 0
13, 224x224, 655829, 0
13, 224x224, 544854, 0
13, 224x224, 906563, 0
13, 224x224, 827535, 0
13, 224x224, 542251, 0
13, 224x224, 922609, 0
13, 224x224, 787470, 0
13, 224x224, 508133, 0
13, 224x224, 542715, 0
13, 224x224, 508306, 0
13, 224x224, 508136, 0
13, 224x224, 683640, 0
13, 224x224, 508140, 0
13, 224x224, 545469, 0
13, 224x224, 656671, 0
13, 224x224, 829895, 0
13, 224x224, 548226, 0
13, 224x224, 542221, 0
13, 224x224, 871382, 0
13, 224x224, 508415, 0
13, 224x224, 512461, 0
13, 224x224, 661129, 0
13, 224x224, 509991, 0
13, 224x224, 546573, 0
13, 224x224, 828445, 0
13, 224x224, 566809, 0
13, 224x224, 925775, 0
13, 224x224, 832685, 0
13, 224x224, 785905, 0
13, 224x224, 661132, 0
13, 224x224, 1211300, 0
13, 224x224, 658254, 0
13, 224x224, 507252, 0
13, 224x224, 507949, 0
13, 224x224, 656675, 0
13, 224x224, 719620, 0
13, 224x224, 508354, 0
13, 224x224, 508397, 0
13, 224x224, 1121979, 0
13, 224x224, 542448, 0
13, 224x224, 655950, 0
13, 224x224, 543794, 0
13, 224x224, 508088, 0
13, 224x224, 860957, 0
13, 224x224, 781132, 0
13, 224x224, 509285, 0
13, 224x224, 1312000, 0
13, 224x224, 507282, 0
13, 224x224, 543427, 0
13, 224x224, 507097, 0
13, 224x224, 507673, 0
13, 224x224, 543230, 0
13, 224x224, 1142211, 0
13, 224x224, 542354, 0
13, 224x224, 543091, 0
13, 224x224, 545961, 0
13, 224x224, 532984, 0
13, 224x224, 1201815, 0
13, 224x224, 752024, 0
13, 224x224, 510745, 0
13, 224x224, 658887, 0
13, 224x224, 873880, 0
13, 224x224, 508170, 0
13, 224x224, 507536, 0
13, 224x224, 716308, 0
13, 224x224, 687628, 0
13, 224x224, 815365, 0
13, 224x224, 507400, 0
13, 224x224, 606009, 0
14, 240x240, 634337, 0
14, 240x240, 1002810, 0
14, 240x240, 600064, 0
14, 240x240, 622324, 0
14, 240x240, 904155, 0
14, 240x240, 626846, 0
14, 240x240, 861344, 0
14, 240x240, 625455, 0
14, 240x240, 582815, 0
14, 240x240, 1036580, 0
14, 240x240, 582639, 0
14, 240x240, 643097, 0
14, 240x240, 583154, 0
14, 240x240, 582531, 0
14, 240x240, 583734, 0
14, 240x240, 582543, 0
14, 240x240, 606605, 0
14, 240x240, 583106, 0
14, 240x240, 785800, 0
14, 240x240, 902660, 0
14, 240x240, 582579, 0
14, 240x240, 953335, 0
14, 240x240, 926315, 0
14, 240x240, 586567, 0
14, 240x240, 1002455, 0
14, 240x240, 622658, 0
14, 240x240, 628347, 0
14, 240x240, 753662, 0
14, 240x240, 1758642, 0
14, 240x240, 582612, 0
14, 240x240, 581894, 0
14, 240x240, 821330, 0
14, 240x240, 1131325, 0
14, 240x240, 877593, 0
14, 240x240, 582946, 0
14, 240x240, 582194, 0
14, 240x240, 950800, 0
14, 240x240, 587409, 0
14, 240x240, 862164, 0
14, 240x240, 616620, 0
14, 240x240, 903190, 0
14, 240x240, 752133, 0
14, 240x240, 623339, 0
14, 240x240, 903345, 0
14, 240x240, 622527, 0
14, 240x240, 652758, 0
14, 240x240, 975225, 0
14, 240x240, 623943, 0
14, 240x240, 754392, 0
14, 240x240, 623154, 0
14, 240x240, 662367, 0
14, 240x240, 582345, 0
14, 240x240, 583069, 0
14, 240x240, 1530084, 0
14, 240x240, 623778, 0
14, 240x240, 622185, 0
14, 240x240, 785416, 0
14, 240x240, 751033, 0
14, 240x240, 1002900, 0
14, 240x240, 1323143, 0
14, 240x240, 659515, 0
14, 240x240, 621955, 0
14, 240x240, 1062320, 0
14, 240x240, 753237, 0
14, 240x240, 624440, 0
14, 240x240, 968425, 0
14, 240x240, 622360, 0
14, 240x240, 583270, 0
14, 240x240, 583458, 0
14, 240x240, 583351, 0
14, 240x240, 622379, 0
14, 240x240, 629438, 0
14, 240x240, 582773, 0
14, 240x240, 627173, 0
14, 240x240, 625825, 0
14, 240x240, 1050694, 0
14, 240x240, 633730, 0
14, 240x240, 1192021, 0
14, 240x240, 1002490, 0
14, 240x240, 583291, 0
14, 240x240, 582567, 0
14, 240x240, 622071, 0
14, 240x240, 1004280, 0
14, 240x240, 589125, 0
14, 240x240, 602470, 0
14, 240x240, 824096, 0
14, 240x240, 583161, 0
14, 240x240, 651965, 0
14, 240x240, 693455, 0
14, 240x240, 1203388, 0
14, 240x240, 1203276, 0
14, 240x240, 799479, 0
14, 240x240, 902750, 0
14, 240x240, 903170, 0
14, 240x240, 583812, 0
14, 240x240, 643515, 0
14, 240x240, 840856, 0
14, 240x240, 586115, 0
14, 240x240, 1002455, 0
14, 240x240, 1008930, 0
15, 256x256, 1364251, 0
15, 256x256, 660248, 0
15, 256x256, 706448, 0
15, 256x256, 658746, 0
15, 256x256, 966188, 0
15, 256x256, 704549, 0
15, 256x256, 731402, 0
15, 256x256, 931396, 0
15, 256x256, 789648, 0
15, 256x256, 710082, 0
15, 256x256, 662473, 0
15, 256x256, 666233, 0
15, 256x256, 664494, 0
15, 256x256, 887944, 0
15, 256x256, 659669, 0
15, 256x256, 888244, 0
15, 256x256, 971908, 0
15, 256x256, 706591, 0
15, 256x256, 660178, 0
15, 256x256, 708415, 0
15, 256x256, 660318, 0
15, 256x256, 1020715, 0
15, 256x256, 660118, 0
15, 256x256, 888256, 0
15, 256x256, 942842, 0
15, 256x256, 766346, 0
15, 256x256, 704376, 0
15, 256x256, 782170, 0
15, 256x256, 658773, 0
15, 256x256, 704446, 0
15, 256x256, 1175400, 0
15, 256x256, 851396, 0
15, 256x256, 721209, 0
15, 256x256, 705464, 0
15, 256x256, 661006, 0
15, 256x256, 889532, 0
15, 256x256, 1074030, 0
15, 256x256, 694439, 0
15, 256x256, 735527, 0
15, 256x256, 985934, 0
15, 256x256, 728403, 0
15, 256x256, 658818, 0
15, 256x256, 674016, 0
15, 256x256, 704285, 0
15, 256x256, 1220715, 0
15, 256x256, 704276, 0
15, 256x256, 704003, 0
15, 256x256, 1040558, 0
15, 256x256, 659091, 0
15, 256x256, 1200255, 0
15, 256x256, 972108, 0
15, 256x256, 661270, 0
15, 256x256, 659273, 0
15, 256x256, 659012, 0
15, 256x256, 699966, 0
15, 256x256, 708061, 0
15, 256x256, 1278394, 0
15, 256x256, 1020860, 0
15, 256x256, 658778, 0
15, 256x256, 741617, 0
15, 256x256, 734458, 0
15, 256x256, 930100, 0
15, 256x256, 1201330, 0
15, 256x256, 659903, 0
15, 256x256, 659412, 0
15, 256x256, 658576, 0
15, 256x256, 703979, 0
15, 256x256, 707961, 0
15, 256x256, 692659, 0
15, 256x256, 719099, 0
15, 256x256, 1021070, 0
15, 256x256, 658736, 0
15, 256x256, 1075480, 0
15, 256x256, 913776, 0
15, 256x256, 852054, 0
15, 256x256, 890171, 0
15, 256x256, 853316, 0
15, 256x256, 718623, 0
15, 256x256, 749757, 0
15, 256x256, 704625, 0
15, 256x256, 1154347, 0
15, 256x256, 714797, 0
15, 256x256, 658764, 0
15, 256x256, 899560, 0
15, 256x256, 870504, 0
15, 256x256, 658376, 0
15, 256x256, 841408, 0
15, 256x256, 1024035, 0
15, 256x256, 772191, 0
15, 256x256, 892724, 0
15, 256x256, 852162, 0
15, 256x256, 704518, 0
15, 256x256, 705579, 0
15, 256x256, 688188, 0
15, 256x256, 1839816, 0
15, 256x256, 929926, 0
15, 256x256, 1364520, 0
15, 256x256, 1074115, 0
15, 256x256, 893412, 0
15, 256x256, 1461037, 0
16, 272x272, 751846, 0
16, 272x272, 745619, 0
16, 272x272, 1110100, 0
16, 272x272, 994379, 0
16, 272x272, 878383, 0
16, 272x272, 751712, 0
16, 272x272, 829221, 0
16, 272x272, 757061, 0
16, 272x272, 804354, 0
16, 272x272, 1049180, 0
16, 272x272, 1175656, 0
16, 272x272, 745394, 0
16, 272x272, 746524, 0
16, 272x272, 967334, 0
16, 272x272, 1282810, 0
16, 272x272, 746121, 0
16, 272x272, 745645, 0
16, 272x272, 745891, 0
16, 272x272, 746433, 0
16, 272x272, 797457, 0
16, 272x272, 827467, 0
16, 272x272, 799846, 0
16, 272x272, 964583, 0
16, 272x272, 783584, 0
16, 272x272, 963162, 0
16, 272x272, 963450, 0
16, 272x272, 746197, 0
16, 272x272, 745588, 0
16, 272x272, 745076, 0
16, 272x272, 747142, 0
16, 272x272, 799427, 0
16, 272x272, 748809, 0
16, 272x272, 828649, 0
16, 272x272, 752236, 0
16, 272x272, 836842, 0
16, 272x272, 798182, 0
16, 272x272, 1040856, 0
16, 272x272, 1100868, 0
16, 272x272, 797269, 0
16, 272x272, 797770, 0
16, 272x272, 860709, 0
16, 272x272, 797349, 0
16, 272x272, 1005036, 0
16, 272x272, 796745, 0
16, 272x272, 798279, 0
16, 272x272, 842103, 0
16, 272x272, 745651, 0
16, 272x272, 746424, 0
16, 272x272, 746291, 0
16, 272x272, 1240126, 0
16, 272x272, 746367, 0
16, 272x272, 746867, 0
16, 272x272, 1269579, 0
16, 272x272, 803403, 0
16, 272x272, 749567, 0
16, 272x272, 1415233, 0
16, 272x272, 966279, 0
16, 272x272, 1816058, 0
16, 272x272, 757300, 0
16, 272x272, 814730, 0
16, 272x272, 962916, 0
16, 272x272, 1052708, 0
16, 272x272, 746955, 0
16, 272x272, 750269, 0
16, 272x272, 1471110, 0
16, 272x272, 747578, 0
16, 272x272, 885118, 0
16, 272x272, 1360255, 0
16, 272x272, 1501313, 0
16, 272x272, 1065604, 0
16, 272x272, 813369, 0
16, 272x272, 1149600, 0
16, 272x272, 779422, 0
16, 272x272, 1010296, 0
16, 272x272, 816435, 0
16, 272x272, 746582, 0
16, 272x272, 797572, 0
16, 272x272, 853257, 0
16, 272x272, 746970, 0
16, 272x272, 746382, 0
16, 272x272, 850641, 0
16, 272x272, 984242, 0
16, 272x272, 1229161, 0
16, 272x272, 968671, 0
16, 272x272, 903305, 0
16, 272x272, 746152, 0
16, 272x272, 1077734, 0
16, 272x272, 761879, 0
16, 272x272, 819371, 0
16, 272x272, 745106, 0
16, 272x272, 921830, 0
16, 272x272, 756524, 0
16, 272x272, 1053592, 0
16, 272x272, 745109, 0
16, 272x272, 862623, 0
16, 272x272, 835045, 0
16, 272x272, 821125, 0
16, 272x272, 1014154, 0
16, 272x272, 746372, 0
16, 272x272, 801861, 0
17, 288x288, 1024543, 0
17, 288x288, 885421, 0
17, 288x288, 1077134, 0
17, 288x288, 835036, 0
17, 288x288, 937991, 0
17, 288x288, 834403, 0
17, 288x288, 874243, 0
17, 288x288, 890888, 0
17, 288x288, 1076929, 0
17, 288x288, 911121, 0
17, 288x288, 836012, 0
17, 288x288, 902429, 0
17, 288x288, 833933, 0
17, 288x288, 1176870, 0
17, 288x288, 857882, 0
17, 288x288, 833942, 0
17, 288x288, 834145, 0
17, 288x288, 1214926, 0
17, 288x288, 1080150, 0
17, 288x288, 837797, 0
17, 288x288, 833066, 0
17, 288x288, 924809, 0
17, 288x288, 835021, 0
17, 288x288, 1078671, 0
17, 288x288, 890609, 0
17, 288x288, 904178, 0
17, 288x288, 1485021, 0
17, 288x288, 891139, 0
17, 288x288, 1115742, 0
17, 288x288, 833191, 0
17, 288x288, 891448, 0
17, 288x288, 834791, 0
17, 288x288, 1002559, 0
17, 288x288, 1075700, 0
17, 288x288, 913758, 0
17, 288x288, 1076954, 0
17, 288x288, 1125004, 0
17, 288x288, 833863, 0
17, 288x288, 898397, 0
17, 288x288, 1075862, 0
17, 288x288, 833815, 0
17, 288x288, 834084, 0
17, 288x288, 1122452, 0
17, 288x288, 836164, 0
17, 288x288, 1005948, 0
17, 288x288, 834021, 0
17, 288x288, 891828, 0
17, 288x288, 1212775, 0
17, 288x288, 1103350, 0
17, 288x288, 893651, 0
17, 288x288, 891373, 0
17, 288x288, 1198276, 0
17, 288x288, 1500656, 0
17, 288x288, 833760, 0
17, 288x288, 835658, 0
17, 288x288, 894767, 0
17, 288x288, 839221, 0
17, 288x288, 834743, 0
17, 288x288, 1123812, 0
17, 288x288, 892000, 0
17, 288x288, 891506, 0
17, 288x288, 833397, 0
17, 288x288, 891437, 0
17, 288x288, 926641, 0
17, 288x288, 836842, 0
17, 288x288, 1076413, 0
17, 288x288, 917621, 0
17, 288x288, 1418113, 0
17, 288x288, 834870, 0
17, 288x288, 943452, 0
17, 288x288, 932397, 0
17, 288x288, 1298260, 0
17, 288x288, 929233, 0
17, 288x288, 835061, 0
17, 288x288, 867966, 0
17, 288x288, 834752, 0
17, 288x288, 1049475, 0
17, 288x288, 833982, 0
17, 288x288, 833824, 0
17, 288x288, 834815, 0
17, 288x288, 832861, 0
17, 288x288, 964691, 0
17, 288x288, 1142525, 0
17, 288x288, 833303, 0
17, 288x288, 835921, 0
17, 288x288, 900961, 0
17, 288x288, 852194, 0
17, 288x288, 835236, 0
17, 288x288, 933685, 0
17, 288x288, 836324, 0
17, 288x288, 1576759, 0
17, 288x288, 961013, 0
17, 288x288, 833546, 0
17, 288x288, 903126, 0
17, 288x288, 912727, 0
17, 288x288, 1079441, 0
17, 288x288, 834734, 0
17, 288x288, 833821, 0
17, 288x288, 875207, 0
17, 288x288, 913185, 0
18, 304x304, 1691761, 0
18, 304x304, 1484009, 0
18, 304x304, 1065221, 0
18, 304x304, 994885, 0
18, 304x304, 1121279, 0
18, 304x304, 1250264, 0
18, 304x304, 1815865, 0
18, 304x304, 1004136, 0
18, 304x304, 1024406, 0
18, 304x304, 1031239, 0
18, 304x304, 1889921, 0
18, 304x304, 1564284, 0
18, 304x304, 1258511, 0
18, 304x304, 1200342, 0
18, 304x304, 993988, 0
18, 304x304, 929791, 0
18, 304x304, 980569, 0
18, 304x304, 929936, 0
18, 304x304, 1221845, 0
18, 304x304, 1024085, 0
18, 304x304, 1045114, 0
18, 304x304, 1335492, 0
18, 304x304, 965041, 0
18, 304x304, 1253344, 0
18, 304x304, 1354392, 0
18, 304x304, 1206708, 0
18, 304x304, 930312, 0
18, 304x304, 1518555, 0
18, 304x304, 1040173, 0
18, 304x304, 1661061, 0
18, 304x304, 989515, 0
18, 304x304, 929657, 0
18, 304x304, 998244, 0
18, 304x304, 1301952, 0
18, 304x304, 1060492, 0
18, 304x304, 936979, 0
18, 304x304, 930206, 0
18, 304x304, 1519880, 0
18, 304x304, 933061, 0
18, 304x304, 1253352, 0
18, 304x304, 1310396, 0
18, 304x304, 948885, 0
18, 304x304, 930285, 0
18, 304x304, 1028329, 0
18, 304x304, 1204092, 0
18, 304x304, 994527, 0
18, 304x304, 1254260, 0
18, 304x304, 1308518, 0
18, 304x304, 929772, 0
18, 304x304, 934803, 0
18, 304x304, 1348204, 0
18, 304x304, 931751, 0
18, 304x304, 930870, 0
18, 304x304, 930879, 0
18, 304x304, 930139, 0
18, 304x304, 1062019, 0
18, 304x304, 931627, 0
18, 304x304, 1325608, 0
18, 304x304, 930821, 0
18, 304x304, 1208649, 0
18, 304x304, 930663, 0
18, 304x304, 930857, 0
18, 304x304, 1810488, 0
18, 304x304, 996712, 0
18, 304x304, 931085, 0
18, 304x304, 1458826, 0
18, 304x304, 954418, 0
18, 304x304, 1177733, 0
18, 304x304, 1110012, 0
18, 304x304, 1715512, 0
18, 304x304, 1166081, 0
18, 304x304, 1347863, 0
18, 304x304, 1200988, 0
18, 304x304, 1028041, 0
18, 304x304, 964929, 0
18, 304x304, 930072, 0
18, 304x304, 1223250, 0
18, 304x304, 1032351, 0
18, 304x304, 932558, 0
18, 304x304, 956697, 0
18, 304x304, 994872, 0
18, 304x304, 1030963, 0
18, 304x304, 960761, 0
18, 304x304, 930428, 0
18, 304x304, 930325, 0
18, 304x304, 1204592, 0
18, 304x304, 930518, 0
18, 304x304, 930021, 0
18, 304x304, 1612995, 0
18, 304x304, 1091023, 0
18, 304x304, 972207, 0
18, 304x304, 1253800, 0
18, 304x304, 1067840, 0
18, 304x304, 997073, 0
18, 304x304, 950624, 0
18, 304x304, 1240283, 0
18, 304x304, 1008255, 0
18, 304x304, 930121, 0
18, 304x304, 1123629, 0
18, 304x304, 978553, 0
19, 320x320, 1330550, 0
19, 320x320, 1203155, 0
19, 320x320, 2675933, 0
19, 320x320, 1028042, 0
19, 320x320, 1503854, 0
19, 320x320, 1327384, 0
19, 320x320, 1076639, 0
19, 320x320, 1484138, 0
19, 320x320, 1064374, 0
19, 320x320, 1366634, 0
19, 320x320, 1113039, 0
19, 320x320, 1115924, 0
19, 320x320, 1086767, 0
19, 320x320, 1158552, 0
19, 320x320, 1326504, 0
19, 320x320, 1100672, 0
19, 320x320, 1424836, 0
19, 320x320, 1217544, 0
19, 320x320, 1104055, 0
19, 320x320, 1095464, 0
19, 320x320, 1128239, 0
19, 320x320, 1472925, 0
19, 320x320, 1677939, 0
19, 320x320, 1099554, 0
19, 320x320, 1027521, 0
19, 320x320, 1163367, 0
19, 320x320, 1027406, 0
19, 320x320, 1099685, 0
19, 320x320, 1471324, 0
19, 320x320, 1084612, 0
19, 320x320, 1750144, 0
19, 320x320, 1479236, 0
19, 320x320, 1152087, 0
19, 320x320, 1574725, 0
19, 320x320, 1071347, 0
19, 320x320, 1028245, 0
19, 320x320, 1027848, 0
19, 320x320, 1104916, 0
19, 320x320, 1407812, 0
19, 320x320, 1972475, 0
19, 320x320, 1100494, 0
19, 320x320, 1028503, 0
19, 320x320, 1385844, 0
19, 320x320, 1336184, 0
19, 320x320, 1335421, 0
19, 320x320, 1027882, 0
19, 320x320, 1384528, 0
19, 320x320, 1098106, 0
19, 320x320, 1251103, 0
19, 320x320, 1494354, 0
19, 320x320, 1429941, 0
19, 320x320, 1593595, 0
19, 320x320, 1484917, 0
19, 320x320, 1386264, 0
19, 320x320, 1027322, 0
19, 320x320, 1079124, 0
19, 320x320, 1027057, 0
19, 320x320, 1636355, 0
19, 320x320, 1533240, 0
19, 320x320, 1095634, 0
19, 320x320, 1326950, 0
19, 320x320, 1096858, 0
19, 320x320, 1098849, 0
19, 320x320, 1460412, 0
19, 320x320, 1093277, 0
19, 320x320, 1027497, 0
19, 320x320, 1026391, 0
19, 320x320, 1053952, 0
19, 320x320, 1097551, 0
19, 320x320, 1120521, 0
19, 320x320, 1143604, 0
19, 320x320, 1028151, 0
19, 320x320, 1027148, 0
19, 320x320, 1853504, 0
19, 320x320, 1386204, 0
19, 320x320, 1102746, 0
19, 320x320, 1065995, 0
19, 320x320, 1099754, 0
19, 320x320, 1098749, 0
19, 320x320, 1094836, 0
19, 320x320, 1097500, 0
19, 320x320, 1368692, 0
19, 320x320, 1777750, 0
19, 320x320, 1130773, 0
19, 320x320, 1134709, 0
19, 320x320, 1092763, 0
19, 320x320, 1674645, 0
19, 320x320, 1413444, 0
19, 320x320, 1055673, 0
19, 320x320, 1639304, 0
19, 320x320, 1027758, 0
19, 320x320, 1027567, 0
19, 320x320, 1025791, 0
19, 320x320, 1095943, 0
19, 320x320, 1355417, 0
19, 320x320, 1385356, 0
19, 320x320, 1027410, 0
19, 320x320, 1028297, 0
19, 320x320, 1152115, 0
19, 320x320, 1062355, 0
